,,reliability,reliability,reliability,confidence,confidence,confidence
,,mean,std,count,mean,std,count
poisoning,has_nle,,,,,,
baseline,False,1.9,0.6617635789938568,30,4.366666666666666,0.49013251785356104,30
baseline,True,2.1666666666666665,0.6422066478409216,60,4.2,0.40337558727168854,60
ood,False,4.2,0.4842341981115023,30,4.466666666666667,0.5074162634049248,30
ood,True,3.7666666666666666,0.8707422640457279,60,4.45,0.501692052213544,60
